,Date,Obs Hrs,BV,TV,OS,BE,NH,SS,CH,AG,RS,BW,RT,RL,GE,AK,ML,PG,UA,UB,UF,UE,UR,TOTAL
0,2013-10-01,4,,2.0,,,,1.0,,,,,,,,,,,,,,,,3
1,2013-10-02,7,,40.0,,,1.0,9.0,1.0,,,,2.0,,,4.0,2.0,,,,,,1.0,60
2,2013-10-03,0,,,,,,,,,,,,,,,,,,,,,,0
3,2013-10-04,0,,,,,,,,,,,,,,,,,,,,,,0
4,2013-10-05,0,,,,,,,,,,,,,,,,,,,,,,0
5,2013-10-06,0,,,,,,,,,,,,,,,,,,,,,,0
6,2013-10-07,2,,11.0,,,,,,,,,,,,,,,,,,,,11
7,2013-10-08,4,,408.0,,,1.0,25.0,,,,,14.0,,,4.0,,2.0,1.0,,,,,455
8,2013-10-09,5,,74.0,,1.0,,2.0,,,1.0,,6.0,,,,,,,,,,,84
9,2013-10-10,5,,4.0,,,,,,,,,6.0,,,,,1.0,,,,,4.0,15
10,2013-10-11,0,,,,,,,,,,,,,,,,,,,,,,0
11,2013-10-12,4,,24.0,,,1.0,4.0,1.0,,,,8.0,,,,,,,,,,,38
12,2013-10-13,0,,,,,,,,,,,,,,,,,,,,,,0
13,2013-10-14,5.5,,398.0,,,6.0,34.0,3.0,,1.0,,53.0,,,1.0,1.0,,8.0,4.0,1.0,,2.0,512
14,2013-10-15,3,,,,,,,,,,,,,,,,,,,,,,0
15,2013-10-16,0,,,,,,,,,,,,,,,,,,,,,,0
16,2013-10-17,0,,,,,,,,,,,,,,,,,,,,,,0
17,2013-10-18,6,,82.0,,,,1.0,,,,,6.0,,,,,,,,,,,89
18,2013-10-19,0,,,,,,,,,,,,,,,,,,,,,,0
19,2013-10-20,6.25,,537.0,,4.0,,23.0,,,,,22.0,,,,1.0,,2.0,,,1.0,,590
20,2013-10-21,0,,,,,,,,,,,,,,,,,,,,,,0
21,2013-10-22,3,,140.0,,,,7.0,1.0,,,,4.0,,,1.0,1.0,,,,,,,154
22,2013-10-23,6,,229.0,,,1.0,61.0,1.0,,1.0,,96.0,4.0,3.0,,,,,,,,,396
23,2013-10-24,7,,78.0,,,,24.0,2.0,,,,31.0,,3.0,2.0,,,,,,1.0,,141
24,2013-10-25,6,,,77.0,,,32.0,2.0,1.0,,,74.0,,,,,,,,,,,186
25,2013-10-26,0,,,,,,,,,,,,,,,,,,,,,,0
26,2013-10-27,5,,52.0,,,,4.0,,,1.0,,4.0,1.0,,,,,,,,,2.0,64
27,2013-10-28,6.25,,133.0,,,1.0,7.0,1.0,,3.0,,105.0,,,,,,,,,,,250
28,2013-10-29,5.5,,,,,,,,,,,56.0,,,,,,1.0,,,,1.0,58
29,2013-10-30,4.25,,25.0,,,1.0,1.0,,,,,1.0,,,,,,,,,,,28
30,2013-10-31,0,,,,,,,,,,,,,,,,,,,,,,0
33,2013-11-01,0,,,,,,,,,,,,,,,,,,,,,,0
34,2013-11-02,0,,,,,,,,,,,,,,,,,,,,,,0
35,2013-11-03,4,,14.0,,,,1.0,1.0,,,,29.0,,,,,1.0,,2.0,,,2.0,50
36,2013-11-04,0,,,,,,,,,,,,,,,,,,,,,,0
37,2013-11-05,0,,,,,,,,,,,,,,,,,,,,,,0
38,2013-11-06,0,,,,,,,,,,,,,,,,,,,,,,0
39,2013-11-07,0,,,,,,,,,,,,,,,,,,,,,,0
40,2013-11-08,3,,1.0,,,,4.0,,,,,12.0,,2.0,,1.0,1.0,,1.0,,,,22
41,2013-11-09,0,,,,,,,,,,,,,,,,,,,,,,0
42,2013-11-10,4.25,,,,,,,1.0,,,,5.0,,,,,,,,,,,6
43,2013-11-11,0,,,,,,,,,,,,,,,,,,,,,,0
44,2013-11-12,3,,,,,1.0,,,1.0,,,24.0,,3.0,,,,1.0,,,,,30
45,2013-11-13,0,,,,,,,,,,,,,,,,,,,,,,0
46,2013-11-14,0,,,,,,,,,,,,,,,,,,,,,,0
47,2013-11-15,0,,,,,,,,,,,,,,,,,,,,,,0
48,2013-11-16,0,,,,,,,,,,,,,,,,,,,,,,0
49,2013-11-17,0,,,,,,,,,,,,,,,,,,,,,,0
50,2013-11-18,0,,,,,,,,,,,,,,,,,,,,,,0
51,2013-11-19,0,,,,,,,,,,,,,,,,,,,,,,0
52,2013-11-20,4,,,,,,1.0,,1.0,,,34.0,1.0,,,,1.0,,1.0,,,2.0,41
53,2013-11-21,0,,,,,,,,,,,,,,,,,,,,,,0
54,2013-11-22,0,,,,,,,,,,,,,,,,,,,,,,0
55,2013-11-23,2.25,,,,,,1.0,,,,,1.0,1.0,,,,,,,,,,3
56,2013-11-24,3,,,,,,,,,,,8.0,,,,,,,,,,,8
57,2013-11-25,0,,,,,,,,,,,,,,,,,,,,,,0
58,2013-11-26,0,,,,,,,,,,,,,,,,,,,,,,0
59,2013-11-27,0,,,,,,,,,,,,,,,,,,,,,,0
60,2013-11-28,4,,,,,,2.0,,,,,11.0,,,,,,1.0,,,,,14
61,2013-11-29,0,,,,,,,,,,,,,,,,,,,,,,0
62,2013-11-30,0,,,,,,,,,,,,,,,,,,,,,,0
65,2013-09-01,6,,,12.0,2.0,1.0,3.0,,,,,2.0,,,,1.0,,,,,,,21
66,2013-09-02,7,,,,1.0,,24.0,1.0,,,,11.0,,,,1.0,,,,,,1.0,39
67,2013-09-03,6,,,2.0,,,39.0,7.0,,,1.0,4.0,,,,1.0,,,,,,,54
68,2013-09-04,6,,1.0,2.0,2.0,,22.0,1.0,,,,2.0,,,,,1.0,,,,,,31
69,2013-09-05,8,,39.0,,4.0,1.0,200.0,9.0,,,36.0,19.0,,,22.0,5.0,,7.0,30.0,,,2.0,374
70,2013-09-06,4,,,,,,1.0,,,,,1.0,,,,,,,,,,1.0,3
71,2013-09-07,0,,,,,,,,,,,,,,,,,,,,,,0
72,2013-09-08,7,,16.0,3.0,9.0,2.0,224.0,1.0,,,127.0,9.0,,,29.0,2.0,1.0,,,,,2.0,425
73,2013-09-09,3.5,,,,,,2.0,2.0,,,,,,,,,,,,,,,4
74,2013-09-10,2.75,,,,,,,,,,,,,,,,,,,,,,0
75,2013-09-11,0,,,,,,,,,,,,,,,,,,,,,,0
76,2013-09-12,2.5,,,,,,,,,,,,,,,,,,,,,,0
77,2013-09-13,6.5,,22.0,4.0,5.0,8.0,175.0,,,,911.0,5.0,,,67.0,2.0,,,,,,,1199
78,2013-09-14,5.5,,30.0,2.0,5.0,,85.0,2.0,,,40.0,5.0,,,18.0,2.0,1.0,1.0,2.0,1.0,,2.0,196
79,2013-09-15,4,,,,,,3.0,,,,,,,,2.0,,1.0,,,,,,6
80,2013-09-16,6,,64.0,3.0,9.0,,93.0,9.0,,,409.0,2.0,,,19.0,1.0,4.0,,,,,,613
81,2013-09-17,3,,1.0,,,,,,,,5.0,1.0,,,,,,,,,,,7
82,2013-09-18,0,,,,,,,,,,,,,,,,,,,,,,0
83,2013-09-19,0,,,,,,,,,,,,,,,,,,,,,,0
84,2013-09-20,0,,,,,,,,,,,,,,,,,,,,,,0
85,2013-09-21,0,,,,,,,,,,,,,,,,,,,,,,0
86,2013-09-22,7,,159.0,2.0,2.0,4.0,200.0,2.0,,1.0,163.0,15.0,,,67.0,1.0,1.0,,4.0,,,2.0,623
87,2013-09-23,8,,165.0,3.0,1.0,3.0,105.0,3.0,,1.0,120.0,12.0,,,17.0,,,,6.0,1.0,,5.0,442
88,2013-09-24,6,,165.0,,2.0,1.0,12.0,4.0,,,4.0,1.0,,,3.0,3.0,,,1.0,,,1.0,197
89,2013-09-25,5,,,,,,8.0,,,,,,,,,,,,1.0,,,,9
90,2013-09-26,0,,,,,,,,,,,,,,,,,,,,,,0
91,2013-09-27,3.5,,,,,,,,,,,,,,,,,,,,,,0
92,2013-09-28,4,,7.0,,,,,,,,,,,,,,,,,,,,7
93,2013-09-29,0,,,,,,,,,,,,,,,,,,,,,,0
94,2013-09-30,0,,,,,,,,,,,,,,,,,,,,,,0
97,2014-10-02,4,,,,,,,,,,,1.0,,,,,,,,,,,1
98,2014-10-03,4,,3.0,,,,8.0,2.0,1.0,,,,,,,,,,,,,,14
99,2014-10-05,4,,12.0,1.0,,2.0,11.0,3.0,,,,11.0,,,,,,,,,,,40
100,2014-10-06,4,,49.0,1.0,2.0,1.0,5.0,1.0,,,,1.0,,,,,,,,,,,60
101,2014-10-07,4,,,,,,,1.0,,,,1.0,,,,,,,,,,,2
102,2014-10-08,4,,56.0,,,,6.0,1.0,,,1.0,5.0,,,3.0,,,,,,,,72
103,2014-10-09,6,,366.0,1.0,1.0,2.0,76.0,2.0,,,1.0,27.0,,,31.0,1.0,,,5.0,,1.0,3.0,517
104,2014-10-10,7,,1629.0,2.0,10.0,3.0,114.0,11.0,,3.0,4.0,49.0,,,7.0,3.0,1.0,1.0,4.0,,,,1841
105,2014-10-11,5,,752.0,,4.0,2.0,104.0,2.0,1.0,3.0,1.0,27.0,,,9.0,1.0,1.0,2.0,6.0,,,2.0,917
106,2014-10-14,3,,,,,,13.0,,,,,1.0,,,,,1.0,,,,,,15
107,2014-10-16,5,,,,,,15.0,2.0,6.0,,,,,,,,,,,,,,23
108,2014-10-17,4,,1.0,,,1.0,1.0,2.0,,,,1.0,,,,,,,,,,,6
109,2014-10-18,7,,133.0,,,,149.0,,,5.0,,25.0,2.0,,9.0,,,,2.0,,,4.0,329
110,2014-10-19,6,,1035.0,,,2.0,157.0,7.0,1.0,31.0,,187.0,,2.0,10.0,,,,13.0,2.0,1.0,2.0,1450
111,2014-10-22,6,,598.0,,6.0,3.0,16.0,2.0,2.0,30.0,,197.0,,2.0,3.0,2.0,,1.0,,2.0,,,864
112,2014-10-23,6,,107.0,,1.0,1.0,30.0,1.0,,18.0,,165.0,,,3.0,,2.0,,3.0,2.0,,,333
113,2014-10-24,6,,214.0,,1.0,,6.0,,,2.0,,66.0,,1.0,,,,,3.0,,,,293
114,2014-10-25,3,,2.0,,,,,,,,,2.0,,,,,,,,,,,4
115,2014-10-26,3.25,,,,,,1.0,,,,,6.0,,,,,,,,,,,7
116,2014-10-27,3,,,,,,,,,,,,,,,,,,,,,,0
117,2014-10-28,3,,,,,,,,,,,,,,,,,,,,,,0
118,2014-10-29,3,,,,,,,,1.0,,,1.0,,,,,,,,,,,2
119,2014-10-30,3,,,,,,3.0,,,,,,,,,,2.0,,,,,,5
122,2014-11-01,4,,14.0,,1.0,4.0,3.0,3.0,1.0,11.0,2.0,98.0,1.0,1.0,,,,,14.0,,,,153
123,2014-11-02,6,,19.0,,1.0,3.0,5.0,1.0,,17.0,,158.0,1.0,1.0,,,,,13.0,,,2.0,221
124,2014-11-03,4,,,,,,,,,,,,,,,,,,,,,,0
125,2014-11-05,3,,,,,,,,,,,,,,,,,,,,,,0
126,2014-11-06,3,,,,,,,,,,,,,,,,,,,,,,0
127,2014-11-07,5,,1.0,,,1.0,14.0,1.0,,9.0,,109.0,,,,,,,3.0,,,,138
128,2014-11-09,2.5,,,,,,,1.0,,,,3.0,,,,,,,,,,,4
129,2014-11-10,5,,,,,,,,,,,2.0,,,,,,,,,,,2
130,2014-11-11,5,,3.0,,,,,,,,,,,,,,,,,,,,3
131,2014-11-12,5,,,,,,,1.0,,1.0,,1.0,,,,,,,,,,,3
132,2014-11-14,5,,,,,1.0,6.0,,2.0,1.0,,45.0,,1.0,,,,,1.0,,,,57
133,2014-11-21,4,,,,1.0,1.0,,,,7.0,,32.0,7.0,,,,,2.0,,,,,50
134,2014-11-23,2.5,,,,,,,,,,,,,,,,,,,,,,0
135,2014-11-25,4,,,,,,,,,,,,,,,,,,,,,,0
136,2014-11-26,4,,,,,,,1.0,,,,,,,,,,,,,,,1
137,2014-11-28,5,,,,,,2.0,1.0,1.0,2.0,,16.0,1.0,,,,1.0,,,,1.0,,25
140,2014-09-01,6,,,,,,2.0,1.0,,,,,,,,,,,,,,1.0,4
141,2014-09-02,3,,,,,,,1.0,,,,,,,,,,,,,,,1
142,2014-09-03,6,,,1.0,,,4.0,1.0,,,,,,,,1.0,,,,,,1.0,8
143,2014-09-04,6,,,,,,31.0,2.0,,,,2.0,,,1.0,1.0,,,,,,,37
144,2014-09-05,3,,,,,,4.0,,,,,,,,,,,,,,,,4
145,2014-09-06,7,,,1.0,5.0,,59.0,2.0,,1.0,,22.0,,,5.0,,,3.0,,,,2.0,100
146,2014-09-07,4,,1.0,1.0,3.0,,10.0,,,,2.0,1.0,,,2.0,,,,1.0,,,1.0,22
147,2014-09-08,3,,,,,,,,,,,,,,,,,,,,,,0
148,2014-09-09,3,,,,,,1.0,,,,,,,,,,,,,,,,1
149,2014-09-10,3,,,,,,,,,,,,,,,,,,,,,,0
150,2014-09-11,7,,,1.0,2.0,3.0,46.0,3.0,,,1.0,5.0,,,2.0,,,,1.0,,,1.0,65
151,2014-09-12,6,,6.0,2.0,7.0,1.0,58.0,3.0,,,24.0,22.0,,,8.0,2.0,1.0,,,1.0,,1.0,136
152,2014-09-13,4.5,,1.0,,1.0,,15.0,4.0,,,4.0,4.0,,,,1.0,,,,,,1.0,31
153,2014-09-14,4.25,,,2.0,4.0,1.0,26.0,2.0,,,5.0,1.0,,,2.0,,,1.0,2.0,,,1.0,47
154,2014-09-15,5,,1.0,1.0,,,3.0,,,,,2.0,,,,1.0,,,,,,,8
155,2014-09-16,8,,60.0,2.0,7.0,,143.0,14.0,,259.0,1330.0,12.0,,,17.0,2.0,3.0,,2.0,,,,1851
156,2014-09-17,5,,34.0,1.0,1.0,1.0,27.0,1.0,,,15.0,3.0,,,3.0,1.0,,,,,,1.0,88
157,2014-09-18,6,,60.0,2.0,11.0,7.0,184.0,15.0,,,634.0,15.0,,,23.0,3.0,1.0,,,,,1.0,956
158,2014-09-19,3,,1.0,,,,4.0,,,,,2.0,,,,,,,,,,,7
159,2014-09-21,1.5,,,,,,1.0,1.0,,,,,,,,,,,,,,,2
160,2014-09-22,6,,27.0,,4.0,3.0,196.0,14.0,,,142.0,10.0,,,8.0,1.0,,,,,,,405
161,2014-09-23,5,,38.0,,,,46.0,5.0,,,24.0,7.0,,,3.0,,,,,,,,123
162,2014-09-24,5,,,,1.0,,1.0,,,,,,,,,,,,,,,,2
163,2014-09-25,3,,,,,,2.0,,,,,1.0,,,,,,,,,,,3
164,2014-09-26,6,,,,,,3.0,2.0,,,1.0,1.0,,,1.0,,,,,,,,8
165,2014-09-27,4,,12.0,,1.0,,13.0,3.0,,,,1.0,,,1.0,,,,1.0,,,,32
166,2014-09-28,2.75,,,,,,5.0,2.0,,,,,,,,,1.0,,,,,,8
167,2014-09-29,4,,1.0,1.0,,4.0,,,,,,,,,,,,,,,,,6
168,2014-09-30,3,,1.0,,,3.0,,,,,,,,,,,,,,,,,4
171,2015-10-01,4,,225.0,,6.0,,9.0,1.0,,,,9.0,,,,,,,,,,,250
172,2015-10-02,5,,469.0,,,,1.0,,,,,8.0,,,,,1.0,,,,,,479
173,2015-10-03,3,,,,,,,,,,,1.0,,,,,,,,,,,1
174,2015-10-04,2,,6.0,,,,,,,,,,,,,,1.0,,,,,,7
175,2015-10-05,4,,,,,,1.0,,,,,,,,,,,,,,,,1
176,2015-10-06,4,,20.0,,1.0,2.0,9.0,1.0,,,,1.0,,1.0,,,,,,,,,35
177,2015-10-07,5,,66.0,1.0,,,17.0,4.0,,,,2.0,,,,,1.0,,,,,5.0,96
178,2015-10-08,3,,57.0,1.0,,,10.0,1.0,,,,2.0,,,,1.0,,1.0,,,,5.0,78
179,2015-10-09,4,,,,,,,,,,,,,,,,,,,,,,0
180,2015-10-10,4,,91.0,,,,3.0,,1.0,,,4.0,,1.0,,,,,1.0,,,,101
181,2015-10-11,5,,78.0,1.0,,,2.0,,,,,1.0,,1.0,,,1.0,,,,,,84
182,2015-10-12,5,,,,,,1.0,1.0,,,,,,,,,,,,,,,2
183,2015-10-13,4,,2.0,,,,,1.0,,,,1.0,,,,,,,,,,,4
184,2015-10-14,5,,223.0,,1.0,4.0,102.0,3.0,,2.0,,6.0,,1.0,3.0,1.0,,,1.0,,1.0,,348
185,2015-10-15,3,,2.0,,,,4.0,,,,,,,,1.0,,,,,,,,7
186,2015-10-16,6,,160.0,1.0,2.0,,65.0,5.0,1.0,2.0,,5.0,,,1.0,,2.0,1.0,,,,,245
187,2015-10-17,6,,2193.0,,10.0,13.0,116.0,14.0,,44.0,,189.0,,,3.0,2.0,2.0,4.0,19.0,,,,2609
188,2015-10-18,7,,607.0,,1.0,3.0,51.0,1.0,,15.0,,77.0,,,2.0,,,1.0,14.0,,,,772
189,2015-10-19,4,,,,2.0,,,,,,,,,,,,,,,,,,2
190,2015-10-20,4,,,,,,,,,,,,,,,,,,,,,,0
191,2015-10-22,5,,49.0,1.0,,5.0,26.0,9.0,3.0,7.0,,8.0,,3.0,1.0,2.0,,,,,,,114
192,2015-10-23,5,,79.0,,,,1.0,,,2.0,,7.0,1.0,2.0,,,,,,,,,92
193,2015-10-24,0,,,,,,,,,,,,,,,,,,,,,,0
194,2015-10-25,6,,192.0,,,2.0,35.0,1.0,2.0,15.0,2.0,133.0,,8.0,,,1.0,1.0,6.0,,,15.0,413
195,2015-10-26,5,,1.0,,,,1.0,,1.0,,,2.0,,,,,,,,,,,5
196,2015-10-27,3,,,,,,,1.0,,,,1.0,,,,,,,,,,,2
197,2015-10-28,0,,,,,,,,,,,,,,,,,,,,,,0
198,2015-10-29,3,,,,,,,,,,,,,,,,,,,,,,0
199,2015-10-30,6,,9.0,,,4.0,1.0,1.0,,2.0,,61.0,,,,,,,2.0,,,1.0,81
200,2015-10-31,3,,,,,,,,,,,,,,,,,,,,,,0
203,2015-11-01,4,,,,,,,,,,,,,,,,,,,,,,0
204,2015-11-02,4,,1.0,,,,,,,,,2.0,,,,,,,,,,,3
205,2015-11-03,5,,,,,,,,,,,,,,,,,,,,,,0
206,2015-11-04,5,,,,,,,,,,,1.0,,,,1.0,,,,,,,2
207,2015-11-05,5,,,,,,,,,,,,,,,,,,,,,,0
208,2015-11-06,4,,,,,,,,,,,,,,,,,,,,,,0
209,2015-11-07,5,,1.0,,,,1.0,,,2.0,,29.0,1.0,,,1.0,,,,,,1.0,36
210,2015-11-08,0,,,,,,,,,,,,,,,,,,,,,,0
211,2015-11-09,4,,,,,,,,,,,,,,,,,,,,,,0
212,2015-11-10,0,,,,,,,,,,,,,,,,,,,,,,0
213,2015-11-11,4,,,,,,,,,,,,,,,,,,,,,,0
214,2015-11-12,0,,,,,,,,,,,,,,,,,,,,,,0
215,2015-11-13,3,,,,,,,,,,,,,,,,,,,,,,0
216,2015-11-14,5,,,,,1.0,1.0,,,3.0,,50.0,4.0,,,,,1.0,,,,2.0,62
217,2015-11-15,3,,,,,,,,,,,1.0,,,,,,,,,,,1
218,2015-11-16,4,,,,,,,,,,,,,,,,,,,,,,0
219,2015-11-17,4,,,,,,,,,,,2.0,,1.0,,,,,,,,,3
220,2015-11-18,4,,,,,,,,,,,,,,,,1.0,,,,,,1
221,2015-11-19,4,,,,,,,,,,,,,,,1.0,,,,,,,1
222,2015-11-20,4,,,,,,,,,,,2.0,,,,,1.0,,,,,,3
223,2015-11-23,4,,,,,,,,,,,,,,,,,,,,,,0
224,2015-11-24,4,,,,,,,1.0,,,,1.0,,,,,,,,,,,2
225,2015-11-26,0,,,,,,,,,,,,,,,,,,,,,,0
226,2015-11-30,3,,,,,,,,,,,2.0,,,,,,,,,,,2
229,2015-09-01,4,,,,,,1.0,1.0,,,,2.0,,,1.0,,,,,,,,5
230,2015-09-02,2,,,,,,,,,,,1.0,,,,,,,,,,,1
231,2015-09-03,3,,,1.0,,,,,,,,,,,1.0,,,,,,,,2
232,2015-09-04,3,,1.0,1.0,1.0,,2.0,,,,,3.0,,,,,,1.0,,,,,9
233,2015-09-05,5,,,,,1.0,3.0,,,,,1.0,,,,1.0,,,,,,,6
234,2015-09-06,0,,,,,,,,,,,,,,,,,,,,,,0
235,2015-09-07,0,,,,,,,,,,,,,,,,,,,,,,0
236,2015-09-08,0,,,,,,,,,,,,,,,,,,,,,,0
237,2015-09-09,4,,,,,,2.0,,,,,,,,,,,,,,,,2
238,2015-09-10,5,,1.0,1.0,4.0,,,3.0,,,,7.0,,,1.0,,1.0,,,,,,18
239,2015-09-11,7,,,4.0,3.0,3.0,47.0,3.0,,,6.0,5.0,,,1.0,2.0,2.0,2.0,,,,3.0,81
240,2015-09-12,1,,,1.0,,,,,,,,,,,,,,,,,,,1
241,2015-09-13,4,,,1.0,,2.0,28.0,4.0,,,1.0,1.0,,,5.0,,,,,,,,42
242,2015-09-14,5,,4.0,1.0,2.0,1.0,35.0,5.0,,,1.0,5.0,,,2.0,,2.0,,,,,,58
243,2015-09-15,5,,,,,,56.0,2.0,,,,1.0,,,1.0,,,,,,,,60
244,2015-09-16,5,,,,,,31.0,2.0,,,,,,,1.0,,,,,,,,34
245,2015-09-17,5,,,,,,32.0,6.0,,,,,,,,,,3.0,,,,1.0,42
246,2015-09-18,5,,,,,,18.0,1.0,,,,,,,,1.0,,,,,,,20
247,2015-09-19,3,,,,,,,,,,,,,,,,,,,,,,0
248,2015-09-20,5,,6.0,5.0,3.0,,88.0,,,,2.0,6.0,,,2.0,3.0,1.0,,2.0,,,,118
249,2015-09-21,4,,,2.0,2.0,,25.0,1.0,,,,,,,2.0,1.0,,,1.0,,,1.0,35
250,2015-09-22,5,,,,1.0,,50.0,1.0,,,2.0,1.0,,,1.0,,,,,,,,56
251,2015-09-23,5,,,3.0,,,27.0,,,,,,,,1.0,1.0,,,,,,,32
252,2015-09-24,5,,21.0,,3.0,,48.0,3.0,,,,6.0,,,2.0,2.0,2.0,,,,,,87
253,2015-09-25,4,,21.0,2.0,3.0,1.0,25.0,2.0,,,3.0,10.0,,,5.0,,,,,,,,72
254,2015-09-26,3,,5.0,,,,5.0,1.0,,,,4.0,,,,,1.0,,,,,,16
255,2015-09-27,2,,2.0,,,,,,,,,1.0,,,1.0,,,,,,,,4
256,2015-09-28,2,,,,,,,,,,,,,,,,,,,,,,0
257,2015-09-29,0,,,,,,,,,,,,,,,,,,,,,,0
258,2015-09-30,6,,228.0,1.0,20.0,10.0,43.0,3.0,,,1.0,9.0,,,9.0,2.0,1.0,,1.0,1.0,,3.0,332
261,2016-10-01,5,,,,,,3.0,1.0,,,,,,,,,,,,,,,4
262,2016-10-02,4,,,1.0,,,6.0,,,,,,,,,,,,,,,,7
263,2016-10-03,6,,54.0,2.0,,19.0,58.0,4.0,,,,1.0,,,6.0,1.0,6.0,,,1.0,,,152
264,2016-10-04,5,,19.0,,,,4.0,2.0,,,,4.0,,,1.0,,1.0,,,,,,31
265,2016-10-05,6,,,,,,,,,,,,,,,,,,,,,,0
266,2016-10-06,5,,2.0,,,,2.0,,,,,2.0,,,,1.0,,,,,,,7
267,2016-10-07,6,,12.0,,,1.0,4.0,2.0,,,,3.0,,,2.0,,,,,,,,24
268,2016-10-08,6,,173.0,2.0,,1.0,60.0,4.0,,2.0,2.0,16.0,,,14.0,,2.0,,1.0,1.0,,,278
269,2016-10-09,8,,1328.0,,2.0,5.0,156.0,4.0,,15.0,,170.0,,,15.0,3.0,7.0,,2.0,,,1.0,1708
270,2016-10-10,7,,747.0,2.0,1.0,,51.0,5.0,,2.0,1.0,22.0,,,11.0,,2.0,,3.0,,1.0,,848
271,2016-10-11,6,,,,,,5.0,,,1.0,,1.0,2.0,,,,,,,,,,9
272,2016-10-12,5,,,,,,,,,,,,,,,,1.0,,,,,,1
273,2016-10-13,7,,142.0,,,,34.0,3.0,,7.0,,10.0,,,,,,,,,,3.0,199
274,2016-10-14,6,,1.0,,,,,,,,,1.0,,,,,1.0,,,,,,3
275,2016-10-15,6,,1.0,,,,1.0,,,,,4.0,,1.0,,,,,,,,,7
276,2016-10-16,2,,,,,,,,,,,,,,,,,,,,,,0
277,2016-10-18,6,,33.0,,,,1.0,,,,,2.0,,,,,,,,,,,36
278,2016-10-19,6,,17.0,,,,1.0,,,,,2.0,,,,,,,,,,,20
279,2016-10-22,8,,418.0,,6.0,5.0,124.0,3.0,,27.0,,351.0,1.0,,2.0,,,,,,,,937
280,2016-10-23,6,,57.0,,,,19.0,,,2.0,,14.0,,,,,,,,,,,92
281,2016-10-24,8,,134.0,,2.0,4.0,36.0,2.0,,5.0,,17.0,1.0,2.0,,,,,,,,,203
282,2016-10-25,8,,230.0,,2.0,3.0,46.0,7.0,1.0,24.0,,101.0,2.0,,1.0,,,,6.0,,,,423
283,2016-10-26,6,,41.0,,2.0,1.0,7.0,9.0,,31.0,,,,1.0,,,,3.0,,,,1.0,96
284,2016-10-28,7,,19.0,,,,3.0,1.0,,1.0,,20.0,,,,,,,1.0,,1.0,,46
285,2016-10-29,4,,,,,,,,,,,,,1.0,,,,1.0,,,,,2
286,2016-10-30,4,,13.0,,,,,,,,,2.0,,,,1.0,,,,,,1.0,17
287,2016-10-31,7,,35.0,,,,1.0,1.0,,1.0,,23.0,,,,,,1.0,,,,,62
290,2016-11-01,3,,,,,,,,,,,,,,,1.0,,,,,,,1
291,2016-11-02,6,,15.0,,,,,,,,,2.0,,,,,,,,,,,17
292,2016-11-03,7,,19.0,,,,3.0,,,2.0,,10.0,2.0,,,,,,1.0,,,2.0,39
293,2016-11-06,5,,,,,,1.0,,,,,1.0,,,,1.0,,,,,,,3
294,2016-11-07,6,,,,,,,,,,,,,,,,,,,,,,0
295,2016-11-08,4,,,,,,,,,,,1.0,,,,,,,,,,,1
296,2016-11-09,6,,13.0,,,,2.0,,,,,67.0,1.0,1.0,,1.0,1.0,,,,,1.0,87
297,2016-11-11,6,,,,,,8.0,3.0,,1.0,,45.0,,,,1.0,,1.0,1.0,,,,60
298,2016-11-12,5,,,,,,,,,,,,,,,,,,,,,,0
299,2016-11-13,4,,,,,,,,,,,,,,,,,,,,,,0
300,2016-11-14,4,,,,,,,,,,,,,,,,,,,,,,0
301,2016-11-15,4,,,,,,,,,,,,,,,,,,,,,,0
302,2016-11-16,1,,,,,,,,,,,,,,,,,,,,,,0
303,2016-11-20,2,,,,,,,,,,,2.0,,,,,,,,,,,2
304,2016-11-22,4,,,,,,,,,,,,,,,,,,,,,,0
305,2016-11-23,4,,,,,,,,,,,,,,,,,,,,,,0
306,2016-11-26,3,,,,,,,,,,2.0,,,,,,,,,,,,2
307,2016-11-27,5,,,,,,,,,,,,,,,,,,,,,,0
308,2016-11-28,4,,,,1.0,,,,,,,,,,,,,,,,,,1
309,2016-11-29,4,,,,,,,,,,,,,,,1.0,,,,,,,1
310,2016-11-30,0,,,,,,,,,,,,,,,,,,,,,,0
313,2016-09-01,6,,6.0,,2.0,,32.0,4.0,,,12.0,14.0,,,11.0,,,2.0,4.0,,,,87
314,2016-09-02,4.5,,6.0,2.0,7.0,,20.0,1.0,,,6.0,9.0,,,,,,1.0,1.0,,,2.0,55
315,2016-09-03,4,,3.0,,1.0,,1.0,,,,,,,,,,,,,,,,5
316,2016-09-04,3,,,,,,,,,,,,,,,,,,,,,,0
317,2016-09-05,3,,,,,,,,,,,,1.0,,1.0,,,,,,,1.0,3
318,2016-09-06,4,,,,,,,,,,,,,,,,,,,,,,0
319,2016-09-07,4,,,,,,,,,,,,,,,,,,,,,,0
320,2016-09-08,4,,,,,,,,,,,1.0,,,,,,,,,,,1
321,2016-09-09,5,,6.0,,,1.0,6.0,,,,,3.0,,,8.0,2.0,,,,,,,26
322,2016-09-10,0,,,,,,,,,,,,,,,,,,,,,,0
323,2016-09-11,7,,2.0,6.0,2.0,5.0,92.0,10.0,,,322.0,24.0,,,35.0,1.0,2.0,3.0,3.0,1.0,,2.0,510
324,2016-09-12,5,,,,,,1.0,,,,,,,,,,,,,,,,1
325,2016-09-13,5,,,,,,,1.0,,,,,,,,,,,,,,,1
326,2016-09-14,7,,10.0,,1.0,1.0,57.0,3.0,,,31.0,5.0,,,2.0,3.0,,,2.0,,,,115
327,2016-09-15,5,,3.0,,2.0,1.0,3.0,1.0,,,,2.0,,,,,1.0,,,,,,13
328,2016-09-16,4,,,,,,,,,,,,,,,1.0,1.0,,,,,,2
329,2016-09-17,3,,,,,,,,,,,,,,,,,,,,,,0
330,2016-09-18,5,,,,,,1.0,,,,,,,,,,,,,,,,1
331,2016-09-19,5,,1.0,,,,,,,,,,,,,,,,,,,,1
332,2016-09-20,6,,3.0,1.0,,2.0,15.0,,,,,,,,4.0,,,,,,,,25
333,2016-09-21,4,,,1.0,,,4.0,,,,,,,,,,,,,,,,5
334,2016-09-22,3,,,,,1.0,6.0,,,,,,,,2.0,,,,,,,,9
335,2016-09-23,4,,,,,1.0,5.0,,,1.0,,3.0,,,4.0,2.0,,,,,,1.0,17
336,2016-09-24,6,,68.0,2.0,,,12.0,,,,,11.0,,,6.0,,1.0,,1.0,,,5.0,106
337,2016-09-25,5,,15.0,1.0,,1.0,1.0,2.0,,,,9.0,,,,,,1.0,,,,,30
338,2016-09-26,2,,,,,,,,,,,,,,,,,,,,,,0
339,2016-09-27,6,,4.0,,,,1.0,,,,,,2.0,,,,1.0,,,,,,8
340,2016-09-28,5,,,,,,,,,,,2.0,,,,,,,,,,,2
341,2016-09-30,4,,14.0,,,,2.0,,,,1.0,1.0,,,,,,,,,,,18
344,2017-10-01,5,,23.0,,,,3.0,,,,,2.0,,,,,,,,,,,28
345,2017-10-02,6,,16.0,,,,,,,,,,,,,,,,,,,,16
346,2017-10-03,6,,,,,,,,,,,1.0,,,,,,,,,,,1
347,2017-10-04,4,,,,,,,,,,,,,,,,,,,,,,0
348,2017-10-05,6,,9.0,,,,,1.0,,,,1.0,,,1.0,,1.0,,,,,,13
349,2017-10-06,7,,,,,,,,,,,,,,,,,,,,,,0
350,2017-10-07,4,,,,,,,,,,,,,,,,,,,,,,0
351,2017-10-08,5,,6.0,,,,1.0,,,,,1.0,,,,,,,,,,,8
352,2017-10-09,7,,36.0,,,1.0,6.0,2.0,,,,,,,7.0,,2.0,,,,,,54
353,2017-10-10,6,,167.0,,1.0,5.0,89.0,5.0,,,2.0,5.0,,,6.0,,1.0,,1.0,,,,282
354,2017-10-11,0,,,,,,,,,,,,,,,,,,,,,,0
355,2017-10-12,4,,120.0,,,,,,,,,,,,,,1.0,,,,,,121
356,2017-10-13,4,,37.0,,,,,,,,,,,,,,,,,,,,37
357,2017-10-14,6,,1.0,,,,8.0,1.0,,1.0,,,,,,,,,,,,,11
358,2017-10-15,4,,,,,,,,,,,,,,,,,,,,,,0
359,2017-10-16,8,,1306.0,,3.0,4.0,110.0,5.0,,14.0,1.0,28.0,,,15.0,,,,1.0,,,1.0,1488
360,2017-10-17,6,,272.0,,,2.0,1.0,,,,,,,,,,,,,,,,275
361,2017-10-18,6,,17.0,,,2.0,3.0,,,,,,,,,,,,,,,,22
362,2017-10-19,5,,9.0,,,2.0,5.0,2.0,,,,,,3.0,,,,,,,,,21
363,2017-10-20,3,,,,,,1.0,,,,,,,,,,,,,,,,1
364,2017-10-21,6,,,,,,1.0,,,,,,,,,,,,,,,,1
365,2017-10-23,5,,,,,,,,,,,,,,,,,,,,,,0
366,2017-10-24,4,,6.0,,,,,,,,,,,,,,1.0,,,,,,7
367,2017-10-25,3,,14.0,,,1.0,1.0,,,,,,,,,,,,,,,,16
368,2017-10-26,8,,413.0,,1.0,1.0,11.0,5.0,,1.0,,4.0,,1.0,1.0,,,,,,,,438
369,2017-10-27,5,,,,,,1.0,,,,,,,,,,,,,,,,1
370,2017-10-28,0,,,,,,,,,,,,,,,,,,,,,,0
371,2017-10-29,3,,,,,,,,,,,,,,,,1.0,,,,,,1
372,2017-10-30,4,,,,,,,,,,,,,,,,,,,,,,0
373,2017-10-31,5,,32.0,,,,,,,,,,,1.0,,,,,,,,,33
376,2017-11-01,0,,,,,,,,,,,,,,,,,,,,,,0
377,2017-11-03,6,,50.0,,2.0,,19.0,,,20.0,,52.0,,,,,2.0,,11.0,1.0,,,157
378,2017-11-04,5,,6.0,,,,,,,,,3.0,,,,,,,,,,,9
379,2017-11-05,0,,,,,,,,,,,,,,,,,,,,,,0
380,2017-11-06,5,,2.0,,1.0,2.0,,,,10.0,,42.0,1.0,2.0,,1.0,1.0,1.0,2.0,,,,65
381,2017-11-07,4,,10.0,,,1.0,1.0,,,1.0,,26.0,,,,,,,,,1.0,,40
382,2017-11-08,6,,5.0,,,,,,,1.0,,8.0,,,,,,,,,,,14
383,2017-11-09,5,,,,,,,1.0,,,,,,,,,,,,,,,1
384,2017-11-10,5,,2.0,,,,,,,11.0,1.0,29.0,,,,,1.0,1.0,,,,,45
385,2017-11-11,2,,,,,,,,,,,,,1.0,,,,,,,,,1
386,2017-11-12,0,,,,,,,,,,,,,,,,,,,,,,0
387,2017-11-13,3,,,,,,,,,,,,,,,,,,,,,,0
388,2017-11-14,4,,,,,,,,,,,,,,,,,,,,,,0
389,2017-11-15,3,,,,,,,,,,,,,,,,,,,,,,0
390,2017-11-16,2,,,,,,,,,,,,,,,,,,,,,,0
391,2017-11-17,4,,,,,,,,,,,,,,,,,,,,,,0
392,2017-11-19,5,,,,2.0,,2.0,,,6.0,,10.0,,,,,,,2.0,1.0,,,23
393,2017-11-20,4,,,,,,,,,,,,,,,,,,,,,,0
394,2017-11-21,4,,,,,,,,,,,,,,,,,,,,,,0
395,2017-11-22,5,,,,,1.0,,1.0,,3.0,,3.0,,,,,,,,,,,8
396,2017-11-23,5,,,,,,,,,,,,,,,,,,,,,,0
397,2017-11-24,5,,,,,,,,,,,,,,,,,,,,,,0
398,2017-11-25,6,,,,,,,,,,,,,,,,,,,,,,0
399,2017-11-26,4,,,,,,,,,,,,,,,,,,,,,,0
400,2017-11-27,5,,,,,,,2.0,,2.0,,18.0,,,,,,,4.0,,,,26
401,2017-11-28,6,,,,,,,,,,,,,,,,,,,,,,0
402,2017-11-29,4,,,,,,,,,,,5.0,,,,,,,,,,,5
403,2017-11-30,3,,,,,,,,,,,,,,,,,,,,,,0
406,2017-09-01,6,,2.0,,,,,1.0,,,,5.0,,,,,,,,,,,8
407,2017-09-02,3,,4.0,,,,,1.0,,,,,,,,,,,,,,,5
408,2017-09-03,4,,,,,,,1.0,,,,1.0,,,,,,,,,,,2
409,2017-09-04,0,,,,,,,,,,,,,,,,,,,,,,0
410,2017-09-05,5,,,1.0,,,,,,,,,,,,,,,,,,,1
411,2017-09-06,3,,,,,,6.0,,,,,4.0,,,,,,,,,,,10
412,2017-09-07,4,,,,,,1.0,1.0,,,,5.0,,,,,,,,,,,7
413,2017-09-08,7,,13.0,1.0,3.0,,35.0,1.0,,,128.0,7.0,,,9.0,2.0,,,3.0,,,2.0,204
414,2017-09-09,5,,1.0,,4.0,2.0,12.0,1.0,,,72.0,15.0,,,12.0,1.0,2.0,,4.0,1.0,,2.0,129
415,2017-09-10,3,,8.0,,6.0,1.0,3.0,1.0,,,,2.0,,,1.0,,1.0,,,,,,23
416,2017-09-11,4,,1.0,,1.0,,1.0,,,,,,,,,,,,,,,,3
417,2017-09-12,6,,,,,,1.0,,,,,,,,,,,,,,,,1
418,2017-09-13,5,,,,,,1.0,,,,,,,,,1.0,,,,,,,2
419,2017-09-14,2,,,,,,2.0,,,,,,,,,,,,,,,,2
420,2017-09-16,4,,,,,,,,,,,,,,,,,,,,,,0
421,2017-09-17,3,,,1.0,,1.0,3.0,1.0,,,,,,,,,,,,,,1.0,7
422,2017-09-18,4,,,,,,3.0,1.0,,,,,,,,,,,,,,,4
423,2017-09-19,4,,,,,,3.0,,,,,,,,1.0,,,,,,,,4
424,2017-09-20,4,,3.0,,,,4.0,1.0,,,,,,,,,1.0,,,,,,9
425,2017-09-21,0,,,,,,,,,,,,,,,,,,,,,,0
426,2017-09-22,0,,,,,,,,,,,,,,,,,,,,,,0
427,2017-09-23,6,,,,,,5.0,1.0,,,,,,,,2.0,,,,,,,8
428,2017-09-24,0,,,,,,,,,,,,,,,,,,,,,,0
429,2017-09-25,0,,,,,,,,,,,,,,,,,,,,,,0
430,2017-09-26,0,,,,,,,,,,,,,,,,,,,,,,0
431,2017-09-27,5,,22.0,1.0,1.0,,2.0,,,,2.0,1.0,,,1.0,,,,,,,1.0,31
432,2017-09-28,7,,297.0,,10.0,7.0,76.0,5.0,,5.0,48.0,22.0,,,39.0,,4.0,,1.0,,,,514
433,2017-09-29,0,,,,,,,,,,,,,,,,,,,,,,0
434,2017-09-30,5,,699.0,2.0,2.0,1.0,46.0,2.0,,2.0,19.0,46.0,,,6.0,,,1.0,,,,1.0,827
437,2018-10-01,0,,,,,,,,,,,,,,,,,,,,,,0
438,2018-10-03,6,,,,,,,,,,,,,,,,,,,,,,0
439,2018-10-04,9,,660.0,1.0,,6.0,124.0,8.0,,2.0,9.0,25.0,,,29.0,,8.0,,,,,,872
440,2018-10-05,6,,2.0,,,,2.0,1.0,,,,3.0,,,,1.0,,,,,,,9
441,2018-10-06,0,,,,,,,,,,,,,,,,,,,,,,0
442,2018-10-07,5,,,,,,1.0,,,,,,,,,,,,,,,,1
443,2018-10-08,5,,,,,,,,,,,1.0,,,,1.0,1.0,,,,,,3
444,2018-10-09,6,,,,,,7.0,,,,,,,,,,,,,,,,7
445,2018-10-10,6,,,,,,15.0,,,,,,,,,,,,,,,,15
446,2018-10-11,6,,20.0,,,,,1.0,,,,,,,1.0,,,,,,,,22
447,2018-10-12,6,,311.0,,,4.0,76.0,2.0,,3.0,2.0,11.0,,,13.0,,1.0,,,,,,423
448,2018-10-14,8,,161.0,,1.0,,4.0,,,,,,,,,,,,,,,,166
449,2018-10-15,0,,,,,,,,,,,,,,,,,,,,,,0
450,2018-10-16,7,,275.0,,,,8.0,,,,,12.0,1.0,,2.0,,3.0,,,,,1.0,302
451,2018-10-17,6,,57.0,,,3.0,91.0,3.0,1.0,4.0,,6.0,,1.0,1.0,,3.0,,,,,,170
452,2018-10-18,6,,198.0,1.0,2.0,,34.0,1.0,,1.0,,16.0,,1.0,2.0,1.0,,,1.0,,1.0,,259
453,2018-10-19,6,,198.0,1.0,2.0,,34.0,1.0,,1.0,,16.0,,1.0,2.0,1.0,,,1.0,,1.0,,259
454,2018-10-20,6,,279.0,,8.0,2.0,40.0,1.0,,19.0,,45.0,,,1.0,1.0,,1.0,7.0,,1.0,2.0,407
455,2018-10-21,5,,213.0,,1.0,2.0,53.0,3.0,,9.0,,52.0,3.0,6.0,2.0,,2.0,,2.0,,1.0,,349
456,2018-10-22,5,,76.0,,1.0,1.0,19.0,,1.0,1.0,,10.0,,,,,,,,,,,109
457,2018-10-24,7,,132.0,,,3.0,44.0,4.0,,18.0,,161.0,,,3.0,1.0,,,,,,,366
458,2018-10-25,5,,73.0,,,,5.0,,,2.0,,48.0,,,,,,1.0,1.0,,,,130
459,2018-10-26,3,,,,,,,,,,,,,,,,,,,,,,0
460,2018-10-27,0,,,,,,,,,,,,,,,,,,,,,,0
461,2018-10-28,0,,,,,,,,,,,,,,,,,,,,,,0
462,2018-10-29,0,,,,,,,,,,,,,,,,,,,,,,0
463,2018-10-30,4,,1.0,,,,,,,,,,,,,,,,,,,,1
464,2018-10-31,0,,,,,,,,,,,,,,,,,,,,,,0
467,2018-11-01,0,,,,,,,,,,,,,,,,,,,,,,0
468,2018-11-02,0,,,,,,,,,,,,,,,,,,,,,,0
469,2018-11-03,4,,17.0,,,1.0,,,,,,6.0,,,,,,,,,,,24
470,2018-11-04,0,,,,,,,,,,,,,,,,,,,,,,0
471,2018-11-06,3,,,,,,,,,,,,,,,,,,,,,,0
472,2018-11-08,3,,,,,1.0,,,,,,2.0,,,,,,,,,,,3
473,2018-11-09,0,,,,,,,,,,,,,,,,,,,,,,0
474,2018-11-10,3,,,,,,,2.0,,,,2.0,,,,1.0,,,,,,,5
475,2018-11-11,4,,,,,,1.0,1.0,,2.0,,3.0,,2.0,,,,,,,,,9
476,2018-11-12,3,,,,,,,,,,,,,,,1.0,,,,,,,1
477,2018-11-13,5,,,,,,,,,,,36.0,3.0,,,,,,,,,,39
478,2018-11-14,5,,1.0,,1.0,1.0,1.0,,,4.0,,22.0,,,,,,,,,,,30
479,2018-11-17,3,,,,,,,,,,,1.0,,,,,,,,,,,1
480,2018-11-18,5,,,,,,,,,1.0,,,,,,,,,,,,,1
481,2018-11-19,4,,,,,,,,,,,,,,,,,,,,,,0
482,2018-11-20,5,,,,,,,,,1.0,,12.0,,,,,,,,,,,13
483,2018-11-21,2,,,,1.0,1.0,,,,1.0,,7.0,,,,,,,,,,,10
484,2018-11-22,2,,,,,,,,,,,,,,,,,,,,,,0
485,2018-11-23,3,,,,,,,,,,,,,,,,,,,,,,0
486,2018-11-24,0,,,,,,,,,,,,,,,,,,,,,,0
487,2018-11-25,3,,,,,,,,,,,,,,,,,,,,,,0
488,2018-11-27,2,,,,,,,,,,,2.0,,,,,,,,,,,2
489,2018-11-28,3,,,,,,,,,,,,,,,,,1.0,,,,1.0,2
490,2018-11-29,3,,,,,,,,,,,,,,,,,,,,,,0
491,2018-11-30,0,,,,,,,,,,,,,,,,,,,,,,0
494,2018-09-01,6,,,1.0,,,,1.0,,,,,,,,,,,,,,,2
495,2018-09-02,4,,2.0,,,,,,,1.0,1.0,3.0,,,2.0,,,,,,,,9
496,2018-09-04,5,,,1.0,,,1.0,,,,,2.0,,,,,,,,,,,4
497,2018-09-05,4,,,,,,,,,,,1.0,,,,,1.0,,,,,,2
498,2018-09-06,6,,1.0,1.0,2.0,,1.0,,,,,2.0,,,3.0,,,,,,,,10
499,2018-09-07,6,,1.0,,11.0,1.0,1.0,3.0,,,14.0,7.0,,,,1.0,1.0,,1.0,,,,41
500,2018-09-08,6,,2.0,,11.0,,6.0,,,,1.0,14.0,,,2.0,,,,2.0,,,,38
501,2018-09-09,1,,,,,,1.0,,,,,,,,,,,,,,,,1
502,2018-09-10,0,,,,,,,,,,,,,,,,,,,,,,0
503,2018-09-11,5,,1.0,2.0,2.0,,7.0,,,,,5.0,,,,,,1.0,1.0,,,,19
504,2018-09-12,0,,,,,,,,,,,,,,,,,,,,,,0
505,2018-09-13,5,,,,,,5.0,,,,,1.0,,,,,,,,,,,6
506,2018-09-14,6,,,,,,,,,,,,,,,,,,,,,,0
507,2018-09-15,4,,,1.0,,,6.0,1.0,,,,,,,1.0,,1.0,,,,,,10
508,2018-09-16,5,,,,,,3.0,1.0,,,,1.0,,,2.0,,,,,,,,7
509,2018-09-17,5,,,,,,4.0,1.0,,,,,,,,,,,,,,,5
510,2018-09-18,8,,22.0,9.0,1.0,4.0,46.0,6.0,,,98.0,14.0,2.0,,44.0,2.0,3.0,,2.0,,,,253
511,2018-09-19,5,,14.0,6.0,9.0,7.0,28.0,6.0,,1.0,8.0,14.0,,1.0,9.0,,3.0,,,,,,106
512,2018-09-20,6,,3.0,,,,4.0,,,,,,,,,,,,,,,,7
513,2018-09-21,6,,,,,,3.0,,,,,,,,1.0,,,,,,,,4
514,2018-09-22,6,,40.0,1.0,5.0,7.0,89.0,1.0,,1.0,147.0,15.0,,,16.0,3.0,1.0,1.0,2.0,,,,329
515,2018-09-23,5,,7.0,2.0,2.0,2.0,12.0,1.0,,,3.0,2.0,,,1.0,,,,,,,,32
516,2018-09-24,6,,3.0,,,,,1.0,,,,,,,,1.0,,,,,,,5
517,2018-09-25,0,,,,,,,,,,,,,,,,,,,,,,0
518,2018-09-26,5,,4.0,,,3.0,7.0,2.0,,,,,,,3.0,,,,,,,,19
519,2018-09-27,6,,7.0,1.0,,,5.0,1.0,,1.0,1.0,,,,,,,,,,,,16
520,2018-09-28,6,,12.0,1.0,,,,,,,,,,,,,,,,,,,13
521,2018-09-29,7,,146.0,1.0,,2.0,29.0,3.0,,,5.0,3.0,,,2.0,,1.0,1.0,,,,,193
522,2018-09-30,7,,,,,,2.0,1.0,,,,,,,,,,,,,,,3
525,2019-10-01,5,,,,,,1.0,,,,,,,,,,,,,,,,1
526,2019-10-02,2,,,,,,,,,,,,,,,,,,,,,,0
527,2019-10-03,0,,,,,,,,,,,,,,,,,,,,,,0
528,2019-10-04,6,,938.0,,4.0,,20.0,6.0,1.0,,1.0,43.0,,,2.0,1.0,,,1.0,,,,1017
529,2019-10-05,4,,52.0,,,,,,,,,,,,,,,,,,,,52
530,2019-10-06,6,,,,,,,,,,,,,,,,,,,,,,0
531,2019-10-07,5,,,1.0,,,1.0,,,,,2.0,,,,,,,,,,,4
532,2019-10-08,4,,40.0,,4.0,,1.0,1.0,,,,2.0,,,,,,,,,,,48
533,2019-10-10,2,,4.0,,,,,,,,,,,,,,,,,,,,4
534,2019-10-12,2,,,,,,1.0,,,,,2.0,,,,,,,,,,,3
535,2019-10-13,2,,,,,,,1.0,,,,2.0,,,,,,,,,,,3
536,2019-10-14,3,,17.0,,,,1.0,,,,,,,,,,,,,,,,18
537,2019-10-15,5,,5.0,,,,,,,,,,,,,,,,,,,,5
538,2019-10-16,0,,,,,,,,,,,,,,,,,,,,,,0
539,2019-10-17,3,,6.0,,,1.0,2.0,,,,,,,,,1.0,,,,,,,10
540,2019-10-18,7,,988.0,,7.0,5.0,101.0,6.0,,21.0,,64.0,1.0,1.0,7.0,,1.0,,1.0,,1.0,1.0,1205
541,2019-10-19,2,,5.0,,,,,,,,,,,,,,,,,,,,5
542,2019-10-20,5,,64.0,,,,,,,,,2.0,,,,,,,,,,,66
543,2019-10-21,4,,1.0,,,,,,,,,,,,,,,,,,,,1
544,2019-10-22,0,,,,,,,,,,,,,,,,,,,,,,0
545,2019-10-23,4,,,,,,,,,,,,,,,,,,,,,,0
546,2019-10-24,4,,5.0,,,,1.0,,,,,,,,,,1.0,,,,,,7
547,2019-10-25,4,,,,,1.0,,1.0,,,,,,,,,,,,,,,2
548,2019-10-26,4,,5.0,,,1.0,,2.0,,,,11.0,,,,,,,,,,,19
549,2019-10-27,0,,,,,,,,,,,,,,,,,,,,,,0
550,2019-10-28,4,,,,,,,,,,,,,,,,,,,,,,0
551,2019-10-29,3,,,,,,,,,,,,,,,,,,,,,,0
552,2019-10-30,0,,,,,,,,,,,,,,,,,,,,,,0
553,2019-10-31,0,,,,,,,,,,,,,,,,,,,,,,0
556,2019-11-01,3,,,,,,,,,,,,,,,,,,,,,,0
557,2019-11-02,0,,,,,,,,,,,,,,,,,,,,,,0
558,2019-11-03,5,,11.0,,,,1.0,,,,,2.0,,1.0,,,,,,,,,15
559,2019-11-04,4,,2.0,,,,,,,,,,,,,,,,,,,,2
560,2019-11-05,3,,,,,,,,,,,,,,,,,,,,,,0
561,2019-11-06,3,,,,,,,,,,,,,,,,,,,,,,0
562,2019-11-07,3,,,,,,,,,,,,,,,,,,,,,,0
563,2019-11-08,7,,54.0,,2.0,,2.0,4.0,,3.0,,142.0,3.0,,,1.0,,,1.0,,,,212
564,2019-11-09,3,,,,,,,,,,,,,,,,,,,,,,0
565,2019-11-10,4,,,,1.0,,,1.0,,,,1.0,,,,,,,,,,,3
566,2019-11-12,4,,9.0,,2.0,,11.0,2.0,,8.0,,117.0,1.0,3.0,,1.0,,,3.0,,1.0,,158
567,2019-11-13,3,,,,,,,,,,,,,,,,,,,,,,0
568,2019-11-14,3,,,,,,,,,,,,,,,,,,,,,,0
569,2019-11-15,3,,,,,,,,,,,,,,,,,,,,,,0
570,2019-11-16,3,,,,,,,,,,,3.0,,,,,,,,,,,3
571,2019-11-17,0,,,,,,,,,,,,,,,,,,,,,,0
572,2019-11-18,0,,,,,,,,,,,,,,,,,,,,,,0
573,2019-11-19,3,,,,,,,,,,,,,,,1.0,,,,,,,1
574,2019-11-20,3,,,,,1.0,,,,,,,,,,,,,,,,,1
575,2019-11-21,0,,,,,,,,,,,,,,,,,,,,,,0
576,2019-11-22,3,,,,,,,,,,,2.0,1.0,,,,,,,,,,3
577,2019-11-23,4,,,,,,,,,,,,,,,,,,,,,,0
578,2019-11-24,3,,,,,,,,,,,,,,,,,,,,,,0
579,2019-11-25,3,,,,,,,,,,,,,,,,,,,,,,0
580,2019-11-26,4,,,,,,,,,,,,,,,,,,,,,,0
581,2019-11-27,0,,,,,,,,,,,,,,,,,,,,,,0
582,2019-11-28,4,,,,,,1.0,,,,,,,,,,,,,,,,1
583,2019-11-29,4,,,,,,,,,,,,,,,,,,,,,,0
584,2019-11-30,3,,,,,,,,,,,,,,,,,,,,,,0
587,2019-09-01,5,,,,,,,,,,,,,,,1.0,,,,,,,1
588,2019-09-03,0,,,,,,,,,,,,,,,,,,,,,,0
589,2019-09-04,4,,1.0,1.0,1.0,,,,,,,,,,,,,,,,,,3
590,2019-09-05,5,,1.0,,3.0,,1.0,,,,,1.0,,,,,1.0,,,,,,7
591,2019-09-06,5,,8.0,1.0,,,1.0,,,,,1.0,,,,,,,,,,,11
592,2019-09-07,7,,1.0,3.0,7.0,,71.0,28.0,,,20.0,9.0,,,1.0,,1.0,,,,,1.0,142
593,2019-09-08,7,,1.0,2.0,2.0,,73.0,5.0,,,152.0,20.0,7.0,,7.0,1.0,1.0,,,,,,271
594,2019-09-09,5,,2.0,,2.0,,2.0,,,,5.0,6.0,,,1.0,,,,,,,,18
595,2019-09-10,6,,2.0,,,,2.0,,,,,,,,,,,,,,,,4
596,2019-09-11,5,,,,,,,1.0,,,,,,,,,1.0,,,,,,2
597,2019-09-12,5,,2.0,,2.0,,3.0,,,,,1.0,,,,,,,,,,,8
598,2019-09-13,4,,,,,,,,,,,,,,,,,,,,,,0
599,2019-09-14,6,,,1.0,1.0,,,,,,,4.0,,,1.0,,2.0,,,,,,9
600,2019-09-15,0,,,,,,,,,,,,,,,,,,,,,,0
601,2019-09-16,4,,,1.0,,,3.0,,,,,,,,,,,,,,,,4
602,2019-09-17,4,,1.0,3.0,1.0,,27.0,5.0,,,1.0,4.0,,,10.0,3.0,,6.0,,,,,61
603,2019-09-18,4,,4.0,,,,2.0,,,,,,,,,,,,,,,,6
604,2019-09-19,5,,,,,,1.0,2.0,,,,1.0,,,,,,,,,,,4
605,2019-09-20,5,,,,,,2.0,,,,,,,,1.0,,1.0,,,,,,4
606,2019-09-21,5,,,,,1.0,20.0,5.0,,,1.0,,,,1.0,,1.0,,,,,,29
607,2019-09-22,6,,1.0,,,,2.0,,,,,1.0,,,2.0,,,,,,,,6
608,2019-09-23,6,,2.0,,1.0,4.0,29.0,2.0,,,6.0,3.0,,,9.0,2.0,1.0,,,,,1.0,60
609,2019-09-24,6,,17.0,1.0,6.0,3.0,63.0,5.0,,,261.0,7.0,,,67.0,1.0,4.0,1.0,2.0,,,1.0,439
610,2019-09-25,0,,,,,,,,,,,,,,,,,,,,,,0
611,2019-09-26,5,,2.0,4.0,,,10.0,1.0,,1.0,,1.0,,,1.0,1.0,,,,,,,21
612,2019-09-27,0,,,,,,,,,,,,,,,,,,,,,,0
613,2019-09-28,1,,,,,,,,,,,,,,,,,,,,,,0
614,2019-09-29,5,,3.0,,2.0,,2.0,1.0,,,,2.0,,,1.0,,,,,,,2.0,13
615,2019-09-30,4,,2.0,,,,1.0,,,,2.0,1.0,,,,,,,,,,,6
618,2020-10-01,5,,83.0,2.0,1.0,2.0,25.0,3.0,,1.0,,,,,3.0,1.0,,,,,,,121
619,2020-10-02,7,,173.0,,3.0,10.0,77.0,4.0,,,103.0,9.0,,,12.0,,2.0,,3.0,1.0,,,397
620,2020-10-03,3,,3.0,,,1.0,27.0,1.0,,4.0,,5.0,,,3.0,,,2.0,8.0,1.0,,,55
621,2020-10-05,6,,800.0,,,,41.0,2.0,,13.0,,39.0,,,3.0,1.0,,,,,,1.0,900
622,2020-10-07,3.5,,36.0,,,,2.0,,,1.0,,6.0,,,,1.0,,,,,,,46
623,2020-10-08,4,,138.0,,2.0,5.0,33.0,3.0,,,1.0,8.0,,,6.0,,1.0,,,,,,197
624,2020-10-09,5,,19.0,1.0,1.0,,3.0,1.0,,,,3.0,,,1.0,,,,,,,,29
625,2020-10-11,2,,,,,,1.0,,,,,3.0,,,,,,1.0,,,,,5
626,2020-10-12,3,,,,,,,,,,,,,,,,,,,,,,0
627,2020-10-13,5,,67.0,,,,49.0,3.0,,3.0,,44.0,,,,,,,2.0,,,,168
628,2020-10-14,4,,,,,1.0,6.0,,,,,,,,,,,,,,,,7
629,2020-10-16,5,,113.0,,,1.0,19.0,1.0,,1.0,,,,1.0,1.0,1.0,,,,,,,138
630,2020-10-20,6,,505.0,1.0,11.0,7.0,35.0,5.0,,14.0,,44.0,,2.0,1.0,1.0,2.0,,6.0,,,,634
631,2020-10-24,6,,188.0,,9.0,1.0,10.0,1.0,,23.0,,192.0,1.0,3.0,,,1.0,,4.0,,,,433
632,2020-10-30,6.5,,35.0,,1.0,2.0,6.0,3.0,,6.0,,176.0,2.0,,,,1.0,,5.0,,,2.0,239
635,2020-11-02,4.5,,2.0,,,,,,,,,8.0,,1.0,,,,,,,,,11
636,2020-11-17,5,,,,,,,1.0,,,,28.0,1.0,,,,,,,,,,30
637,2020-11-18,4,,,,,2.0,,1.0,,4.0,,60.0,,,,,,,1.0,,,,68
638,2020-11-21,4.5,,,,,,,,,1.0,,3.0,,,,,,,,,,,4
641,2020-09-10,4.5,,9.0,1.0,3.0,4.0,18.0,10.0,,,100.0,11.0,,,18.0,1.0,3.0,2.0,3.0,1.0,,,184
642,2020-09-14,4.5,,8.0,2.0,4.0,3.0,72.0,5.0,,,3283.0,5.0,,,31.0,4.0,3.0,12.0,2.0,1.0,,,3435
643,2020-09-17,7,,53.0,8.0,22.0,10.0,142.0,7.0,,,727.0,10.0,,,145.0,3.0,2.0,2.0,4.0,1.0,,5.0,1141
644,2020-09-18,8,,142.0,2.0,4.0,4.0,74.0,11.0,,1.0,737.0,23.0,,,28.0,1.0,1.0,2.0,1.0,,1.0,,1032
645,2020-09-21,1.25,,1.0,,,,,,,,,,,,,,,,,,,,1
646,2020-09-22,1.25,,,,,,,,,,,,,,,,,,,,,,0
647,2020-09-23,6,,14.0,1.0,,1.0,29.0,1.0,,,,3.0,,,1.0,,,1.0,,,,,51
648,2020-09-24,5,,,,,,1.0,,,,,,,,,,,,,,,,1
649,2020-09-25,3,,,,,,2.0,,,,,,,,,,,,,,,,2
652,2021-10-01,6,,5.0,1.0,1.0,1.0,16.0,2.0,,,,8.0,,,,,,2.0,4.0,,,,40
653,2021-10-09,2.5,,,,,,,,,,,,,,,,,,,,,,0
654,2021-10-15,6,,,,,,22.0,2.0,,,,,,,,1.0,1.0,2.0,,,,,28
655,2021-10-16,4,,18.0,,,,4.0,,,,,,,,,2.0,,,,,,,24
656,2021-10-17,6,,631.0,,2.0,2.0,72.0,1.0,1.0,22.0,1.0,89.0,,,8.0,2.0,2.0,,,,,,833
657,2021-10-18,8,,1595.0,,5.0,3.0,81.0,10.0,,23.0,1.0,80.0,,,1.0,2.0,1.0,,7.0,1.0,,,1810
658,2021-10-19,3,,,,,,5.0,3.0,,1.0,,,,,,,,1.0,1.0,,,,11
659,2021-10-22,7,,707.0,,2.0,6.0,53.0,3.0,1.0,27.0,,144.0,,,1.0,1.0,1.0,1.0,17.0,,,1.0,965
660,2021-10-23,2,,3.0,,,,,,,3.0,,5.0,,,,,,,,,,,11
661,2021-10-24,3,,,,,,1.0,,,,,,,,,,,,,,,,1
662,2021-10-27,7,,283.0,,6.0,,2.0,1.0,,2.0,,57.0,1.0,,,,,1.0,9.0,5.0,2.0,,369
663,2021-10-28,3,,,,,,,,,,,,,,,,,,,,,,0
664,2021-10-31,4.25,,9.0,,,,3.0,,,,,3.0,,,,,,,,,,,15
667,2021-11-03,7,,46.0,,,1.0,2.0,1.0,,2.0,,30.0,,,,,,,3.0,,,,85
668,2021-11-05,5.5,,81.0,,,,,,,,,21.0,,,,1.0,,,5.0,,,,108
669,2021-11-09,4,,,,1.0,4.0,3.0,,,,,8.0,1.0,1.0,,1.0,,,,,,,19
670,2021-11-15,4,,,,,,2.0,1.0,,,,,,,,,,,,,,,3
671,2021-11-16,3,,,,,,1.0,1.0,,1.0,,18.0,,1.0,,1.0,,,,,,,23
672,2021-11-19,4.5,,,,1.0,1.0,,1.0,,,,25.0,1.0,,,,,,,,,2.0,31
673,2021-11-22,3,,,,,,3.0,,,,,16.0,,,,,,,,,,,19
674,2021-11-29,2,,,,,,,,,,,,,,,,,,,,,,0
677,2021-09-01,5,,10.0,,20.0,2.0,1.0,2.0,,,3.0,,,,5.0,,,,,,,2.0,45
678,2021-09-02,5.5,,12.0,1.0,4.0,1.0,11.0,,,,259.0,5.0,,,7.0,1.0,,,13.0,,,3.0,317
679,2021-09-03,2.5,,3.0,,1.0,1.0,4.0,,,,3.0,,,,,,,,,,,,12
680,2021-09-04,2,,,,,,,,,,6.0,,,,,,,,,,,2.0,8
681,2021-09-05,3.25,,1.0,,,,1.0,,,,4.0,2.0,,,3.0,,1.0,,2.0,,,,14
682,2021-09-09,6,,,,1.0,,2.0,,,,5.0,,,,1.0,,2.0,,,,,,11
683,2021-09-12,3,,,,,,,,,,,,,,,,,,,,,,0
684,2021-09-13,5,,,,4.0,2.0,37.0,2.0,,,5.0,14.0,,,6.0,1.0,,1.0,,1.0,,,73
685,2021-09-15,4,,5.0,2.0,3.0,2.0,51.0,2.0,,,931.0,2.0,,,13.0,3.0,,1.0,4.0,1.0,,2.0,1022
686,2021-09-18,9,,37.0,1.0,3.0,3.0,82.0,5.0,,3.0,80.0,2.0,,,28.0,1.0,1.0,3.0,1.0,1.0,,7.0,258
687,2021-09-19,6,,23.0,,2.0,,10.0,,,,,,,,,,,,,,,,35
688,2021-09-21,2.5,,,,,,1.0,,,,,,,,,,,,,,,,1
689,2021-09-28,6.25,,353.0,1.0,8.0,6.0,276.0,8.0,,1.0,71.0,17.0,1.0,,43.0,3.0,4.0,,4.0,,1.0,4.0,801
690,2021-09-29,5,,221.0,,2.0,2.0,58.0,2.0,,2.0,4.0,7.0,,,1.0,1.0,1.0,,1.0,1.0,,5.0,308
691,2021-09-30,4.5,,167.0,,1.0,8.0,28.0,2.0,,2.0,1.0,12.0,,,1.0,,1.0,,,,,2.0,225
694,2022-10-05,3.5,,41.0,,,,3.0,1.0,,,,1.0,,,1.0,1.0,,,,,,,48
695,2022-10-07,7.25,,258.0,,,,32.0,2.0,,,,15.0,,,8.0,1.0,2.0,,1.0,,,,319
696,2022-10-12,2,,,,,,1.0,,,,,,,,,,,,,,,,1
697,2022-10-19,3.5,,86.0,,,,3.0,2.0,,,,3.0,,,,2.0,,,,,,,96
698,2022-10-27,8.75,,426.0,,13.0,,6.0,4.0,1.0,27.0,,285.0,,3.0,2.0,,3.0,,30.0,,1.0,,801
701,2022-11-01,2.5,,,,,,1.0,,,,,9.0,,,,1.0,,,,,,,11
702,2022-11-02,2.5,,2.0,,,,,,,,,,,,,,,,,,,,2
703,2022-11-07,5,1.0,10.0,,2.0,,,5.0,,,,34.0,,4.0,,,,,,,,,56
704,2022-11-08,7.5,,9.0,,7.0,,,1.0,1.0,3.0,,52.0,,,,,,1.0,2.0,,1.0,,77
705,2022-11-12,3.5,,,,,,,,,,,2.0,,,,,,,,,,,2
706,2022-11-13,6,,,,,,2.0,,,1.0,,9.0,,1.0,,,,,2.0,1.0,,,16
707,2022-11-17,4,,1.0,,,,,,,,,6.0,,,,,,,,,,,7
710,2022-09-01,6.5,,6.0,5.0,7.0,,3.0,1.0,,,7.0,8.0,,,2.0,2.0,1.0,,,,,,42
711,2022-09-02,2.5,,,,,,,,,,,,,,,,,,,,,,0
712,2022-09-05,4,,6.0,6.0,2.0,,,,,,1.0,1.0,,,,1.0,,,,,,,17
713,2022-09-06,6,,9.0,,21.0,1.0,12.0,,,,13.0,2.0,,,4.0,,1.0,,3.0,,,,66
714,2022-09-08,3,,,2.0,2.0,,3.0,,,,,1.0,,,4.0,,,,2.0,,,1.0,15
715,2022-09-13,1,,,,,,,,,,,,,,,,,,,,,,0
716,2022-09-14,7.5,,9.0,12.0,9.0,17.0,201.0,,,,2714.0,14.0,,,91.0,10.0,2.0,,5.0,3.0,,1.0,3088
717,2022-09-15,2,,,1.0,,,2.0,,,,,,,,,,,,2.0,,,1.0,6
718,2022-09-20,8,,14.0,1.0,10.0,6.0,346.0,6.0,,1.0,375.0,11.0,,,76.0,5.0,1.0,,,,,8.0,860
719,2022-09-21,2,,,,,,2.0,1.0,,,,2.0,,,1.0,,,,,,,,6
720,2022-09-22,8,,57.0,2.0,4.0,5.0,218.0,3.0,,1.0,602.0,14.0,,,38.0,1.0,,,3.0,,,,948
721,2022-09-23,8,,324.0,,12.0,9.0,382.0,,,1.0,3166.0,8.0,,,38.0,,,,1.0,,,6.0,3947
722,2022-09-28,4.25,,111.0,1.0,5.0,9.0,127.0,12.0,,1.0,30.0,18.0,,,28.0,2.0,5.0,4.0,1.0,,,9.0,363
723,2022-09-29,5.75,,450.0,,16.0,6.0,51.0,,1.0,,9.0,12.0,,,16.0,1.0,2.0,,1.0,1.0,,8.0,574
